[{"id":"user-image-unnamed.webp","fileName":"unnamed.webp","name":"unnamed","publicUrl":"https://assets.nicepagecdn.com/139194b4/4306981/images/unnamed.webp","size":3274,"hash":"MWacQLSZdj7T7DHMdVRoy6Ggk9w=","width":200,"height":75,"thumbnail":{"url":"https://assets.nicepagecdn.com/139194b4/4306981/images/unnamed.webp","width":200,"height":75},"usages":["4306992"]},{"id":"user-image-usa-8.webp","fileName":"usa-8.webp","name":"usa-8","publicUrl":"https://assets.nicepagecdn.com/139194b4/4306981/images/usa-8.webp","size":10098,"hash":"E7RL5GK/tJ1WDGiWz793jg7BJdc=","width":300,"height":158,"thumbnail":{"url":"https://assets.nicepagecdn.com/139194b4/4306981/images/usa-8.webp","width":300,"height":158},"usages":["4306992"]},{"id":"user-image-5.png","fileName":"5.png","name":"5","publicUrl":"https://assets.nicepagecdn.com/139194b4/4306981/images/5.png","size":49765,"hash":"x5L/MSuB9gWemTMEIR+vE7MLX6E=","width":500,"height":250,"thumbnail":{"url":"https://assets.nicepagecdn.com/139194b4/4306981/images/thumbnails/5.png","width":150,"height":75},"usages":["4306992"]},{"id":"user-image-1.png","fileName":"1.png","name":"1","publicUrl":"https://assets.nicepagecdn.com/139194b4/4306981/images/1.png","size":124766,"hash":"7/pYAvVZN2o19guJ/CqhTYSUstI=","width":500,"height":250,"thumbnail":{"url":"https://assets.nicepagecdn.com/139194b4/4306981/images/thumbnails/1.png","width":150,"height":75},"usages":[]},{"id":"user-image-2.png","fileName":"2.png","name":"2","publicUrl":"https://assets.nicepagecdn.com/139194b4/4306981/images/2.png","size":84880,"hash":"thtaOTJ+Bi21DhZcHXtdzP/IZZw=","width":500,"height":250,"thumbnail":{"url":"https://assets.nicepagecdn.com/139194b4/4306981/images/thumbnails/2.png","width":150,"height":75},"usages":["4306992"]},{"id":"user-image-4.png","fileName":"4.png","name":"4","publicUrl":"https://assets.nicepagecdn.com/139194b4/4306981/images/4.png","size":86550,"hash":"dKDea4TvAcERPHviLg6c5MySslo=","width":500,"height":250,"thumbnail":{"url":"https://assets.nicepagecdn.com/139194b4/4306981/images/thumbnails/4.png","width":150,"height":75},"usages":["4306992"]},{"id":"user-image-3.png","fileName":"3.png","name":"3","publicUrl":"https://assets.nicepagecdn.com/139194b4/4306981/images/3.png","size":95276,"hash":"Xs+38pzmtbL2OI1BzRD1Jd+UE/0=","width":500,"height":250,"thumbnail":{"url":"https://assets.nicepagecdn.com/139194b4/4306981/images/thumbnails/3.png","width":150,"height":75},"usages":["4306992"]},{"id":"user-image-Logo-ISO.png","fileName":"Logo-ISO.png","name":"Logo-ISO","publicUrl":"https://assets.nicepagecdn.com/139194b4/4306981/images/Logo-ISO.png","size":22433,"hash":"FNh8r00ZERVMppJIESYTsOypVgc=","width":335,"height":335,"thumbnail":{"url":"https://assets.nicepagecdn.com/139194b4/4306981/images/thumbnails/Logo-ISO.png","width":150,"height":150},"usages":["4306992"]},{"id":"user-image-CERT9001-PP_page-0001.jpg","fileName":"CERT9001-PP_page-0001.jpg","name":"CERT9001-PP_page-0001","publicUrl":"https://assets.nicepagecdn.com/139194b4/4306981/images/CERT9001-PP_page-0001.jpg","size":604707,"hash":"jwYGK3C4ASxv+/0rB1Mr9VhzscA=","width":1275,"height":1650,"thumbnail":{"url":"https://assets.nicepagecdn.com/139194b4/4306981/images/thumbnails/CERT9001-PP_page-0001.jpg","width":116,"height":150},"usages":[]},{"id":"user-image-logo.png","fileName":"logo.png","name":"logo","publicUrl":"https://assets.nicepagecdn.com/139194b4/4306981/images/logo.png","size":124766,"hash":"G4OQesZz7hkVi1XgbnDQ2mirCzo=","width":500,"height":250,"thumbnail":{"url":"https://assets.nicepagecdn.com/139194b4/4306981/images/thumbnails/logo.png","width":150,"height":75},"usages":[]},{"id":"user-image-01.jpg","fileName":"01.jpg","name":"01","publicUrl":"https://assets.nicepagecdn.com/139194b4/4306981/images/01.jpg","size":90651,"hash":"dYDgzWJ2HGGUwDUgWNB55YzxxVQ=","width":578,"height":433,"thumbnail":{"url":"https://assets.nicepagecdn.com/139194b4/4306981/images/thumbnails/01.jpg","width":150,"height":112},"usages":["4306992"]},{"id":"user-image-0.jpg","fileName":"0.jpg","name":"0","publicUrl":"https://assets.nicepagecdn.com/139194b4/4306981/images/0.jpg","size":99527,"hash":"0vkauHNAQtDxXB+8IngLrZ1fqLg=","width":601,"height":515,"thumbnail":{"url":"https://assets.nicepagecdn.com/139194b4/4306981/images/thumbnails/0.jpg","width":150,"height":129},"usages":[]},{"id":"user-image-CRIBADO3.jpg","fileName":"CRIBADO3.jpg","name":"CRIBADO3","publicUrl":"https://assets.nicepagecdn.com/139194b4/4306981/images/CRIBADO3.jpg","size":64114,"hash":"/WnH4gpPKuh2XBSh/B70yEXbT8A=","width":509,"height":539,"thumbnail":{"url":"https://assets.nicepagecdn.com/139194b4/4306981/images/thumbnails/CRIBADO3.jpg","width":142,"height":150},"usages":[]},{"id":"user-image-CRIBADO2.jpg","fileName":"CRIBADO2.jpg","name":"CRIBADO2","publicUrl":"https://assets.nicepagecdn.com/139194b4/4306981/images/CRIBADO2.jpg","size":87000,"hash":"BrBKS6zavSTARSBnV+myyviQwQA=","width":577,"height":424,"thumbnail":{"url":"https://assets.nicepagecdn.com/139194b4/4306981/images/thumbnails/CRIBADO2.jpg","width":150,"height":110},"usages":["4306992"]},{"id":"user-image-LIMPIEZA.jpg","fileName":"LIMPIEZA.jpg","name":"LIMPIEZA","publicUrl":"https://assets.nicepagecdn.com/139194b4/4306981/images/LIMPIEZA.jpg","size":55446,"hash":"kwmYMiXcg08wqlO+2eOneSR2r84=","width":571,"height":495,"thumbnail":{"url":"https://assets.nicepagecdn.com/139194b4/4306981/images/thumbnails/LIMPIEZA.jpg","width":150,"height":130},"usages":["4306992"]},{"id":"user-image-DESMON.jpg","fileName":"DESMON.jpg","name":"DESMON","publicUrl":"https://assets.nicepagecdn.com/139194b4/4306981/images/DESMON.jpg","size":100542,"hash":"c5/mxuEm6LzzclpwDkz/CY5VAt0=","width":529,"height":550,"thumbnail":{"url":"https://assets.nicepagecdn.com/139194b4/4306981/images/thumbnails/DESMON.jpg","width":144,"height":150},"usages":["4306992"]},{"id":"user-image-DESMONTAJE.jpg","fileName":"DESMONTAJE.jpg","name":"DESMONTAJE","publicUrl":"https://assets.nicepagecdn.com/139194b4/4306981/images/DESMONTAJE.jpg","size":93047,"hash":"Vmo8VlZE5ry26EqjjLmb6FpkGRE=","width":589,"height":488,"thumbnail":{"url":"https://assets.nicepagecdn.com/139194b4/4306981/images/thumbnails/DESMONTAJE.jpg","width":150,"height":124},"usages":["4306992"]},{"id":"user-image-SAM_0384.jpeg","fileName":"SAM_0384.jpeg","name":"SAM_0384","publicUrl":"https://assets.nicepagecdn.com/139194b4/4306981/images/SAM_0384.jpeg","size":336647,"hash":"djXqySOj4CI3/3Z3qGzYoQJykus=","width":1920,"height":1080,"thumbnail":{"url":"https://assets.nicepagecdn.com/139194b4/4306981/images/thumbnails/SAM_0384.jpeg","width":150,"height":84},"usages":["4306992"]},{"id":"user-image-SAM_0340.jpeg","fileName":"SAM_0340.jpeg","name":"SAM_0340","publicUrl":"https://assets.nicepagecdn.com/139194b4/4306981/images/SAM_0340.jpeg","size":343268,"hash":"jQy5zJWoct9BbDRsfAimdpV+buM=","width":1920,"height":1080,"thumbnail":{"url":"https://assets.nicepagecdn.com/139194b4/4306981/images/thumbnails/SAM_0340.jpeg","width":150,"height":84},"usages":["4306992"]},{"id":"user-image-DSCN4175.jpeg","fileName":"DSCN4175.jpeg","name":"DSCN4175","publicUrl":"https://assets.nicepagecdn.com/139194b4/4306981/images/DSCN4175.jpeg","size":133144,"hash":"BnaWPFNhPKitzQhfZE31BRBjJQU=","width":640,"height":480,"thumbnail":{"url":"https://assets.nicepagecdn.com/139194b4/4306981/images/thumbnails/DSCN4175.jpeg","width":150,"height":113},"usages":["4306992"]},{"id":"user-image-DSCN41691.jpeg","fileName":"DSCN41691.jpeg","name":"DSCN41691","publicUrl":"https://assets.nicepagecdn.com/139194b4/4306981/images/DSCN41691.jpeg","size":132749,"hash":"9cIIwaL41yBL0xcIH+OcRem9En4=","width":640,"height":480,"thumbnail":{"url":"https://assets.nicepagecdn.com/139194b4/4306981/images/thumbnails/DSCN41691.jpeg","width":150,"height":113},"usages":["4306992"]},{"id":"user-image-DSCN4165.jpeg","fileName":"DSCN4165.jpeg","name":"DSCN4165","publicUrl":"https://assets.nicepagecdn.com/139194b4/4306981/images/DSCN4165.jpeg","size":133207,"hash":"otQ/qo6bN8C2crjIsGNRGoNLKjk=","width":640,"height":480,"thumbnail":{"url":"https://assets.nicepagecdn.com/139194b4/4306981/images/thumbnails/DSCN4165.jpeg","width":150,"height":113},"usages":["4306992"]},{"id":"user-image-DSCN2151.jpeg","fileName":"DSCN2151.jpeg","name":"DSCN2151","publicUrl":"https://assets.nicepagecdn.com/139194b4/4306981/images/DSCN2151.jpeg","size":473156,"hash":"UsgJi8tF0iutFK6FBMCtRvqdbLc=","width":1600,"height":1200,"thumbnail":{"url":"https://assets.nicepagecdn.com/139194b4/4306981/images/thumbnails/DSCN2151.jpeg","width":150,"height":113},"usages":["4306992"]},{"id":"user-image-DSCN2172.jpeg","fileName":"DSCN2172.jpeg","name":"DSCN2172","publicUrl":"https://assets.nicepagecdn.com/139194b4/4306981/images/DSCN2172.jpeg","size":492877,"hash":"EgRYv9yYSVfodkUWC67uChYInEQ=","width":1600,"height":1200,"thumbnail":{"url":"https://assets.nicepagecdn.com/139194b4/4306981/images/thumbnails/DSCN2172.jpeg","width":150,"height":113},"usages":["4306992"]},{"id":"user-image-DSCN5418.jpeg","fileName":"DSCN5418.jpeg","name":"DSCN5418","publicUrl":"https://assets.nicepagecdn.com/139194b4/4306981/images/DSCN5418.jpeg","size":602960,"hash":"tZqwCpdA5vGhuUjX+avKeD/JWq4=","width":1920,"height":1440,"thumbnail":{"url":"https://assets.nicepagecdn.com/139194b4/4306981/images/thumbnails/DSCN5418.jpeg","width":150,"height":113},"usages":["4306992"]},{"id":"user-image-MONTAJE.jpg","fileName":"MONTAJE.jpg","name":"MONTAJE","publicUrl":"https://assets.nicepagecdn.com/139194b4/4306981/images/MONTAJE.jpg","size":66735,"hash":"3MdjRKk/NGdqOXs0jcAtnVvY6IU=","width":607,"height":353,"thumbnail":{"url":"https://assets.nicepagecdn.com/139194b4/4306981/images/thumbnails/MONTAJE.jpg","width":150,"height":87},"usages":["4306992"]},{"id":"user-image-FB_IMG_1564681810754.webp","fileName":"FB_IMG_1564681810754.webp","name":"FB_IMG_1564681810754","publicUrl":"https://assets.nicepagecdn.com/139194b4/4306981/images/FB_IMG_1564681810754.webp","size":40468,"hash":"vDiQDRgSkiIApdVaqA07AGg5ml8=","width":640,"height":640,"thumbnail":{"url":"https://assets.nicepagecdn.com/139194b4/4306981/images/FB_IMG_1564681810754.webp","width":640,"height":640},"usages":["4306992"]},{"id":"user-image-img298-3.webp","fileName":"img298-3.webp","name":"img298-3","publicUrl":"https://assets.nicepagecdn.com/139194b4/4306981/images/img298-3.webp","size":421420,"hash":"VZe4fdrZYQtjGHOFz+xKdeSLbB0=","width":1920,"height":1483,"thumbnail":{"url":"https://assets.nicepagecdn.com/139194b4/4306981/images/img298-3.webp","width":1920,"height":1483},"usages":["4306992"]},{"id":"user-image-sellobueno.webp","fileName":"sellobueno.webp","name":"sellobueno","publicUrl":"https://assets.nicepagecdn.com/139194b4/4306981/images/sellobueno.webp","size":27504,"hash":"+nAbynih9Mky2mbJ9CFHv8CRgzk=","width":585,"height":536,"thumbnail":{"url":"https://assets.nicepagecdn.com/139194b4/4306981/images/sellobueno.webp","width":585,"height":536},"usages":[]},{"id":"user-image-656216.png","fileName":"656216.png","name":"656216","publicUrl":"https://assets.nicepagecdn.com/139194b4/4306981/images/656216.png","size":4430,"hash":"hgokal4WvcmgWg0NFgO6bJIuBNA=","width":128,"height":128,"thumbnail":{"url":"https://assets.nicepagecdn.com/139194b4/4306981/images/656216.png","width":128,"height":128},"usages":["4306992"]},{"id":"user-image-2176550.png","fileName":"2176550.png","name":"2176550","publicUrl":"https://assets.nicepagecdn.com/139194b4/4306981/images/2176550.png","size":1249,"hash":"RYbsnNERunGCHwfL8GryMrzHoUg=","width":128,"height":128,"thumbnail":{"url":"https://assets.nicepagecdn.com/139194b4/4306981/images/2176550.png","width":128,"height":128},"usages":["4306992"]},{"id":"user-image-3540036.png","fileName":"3540036.png","name":"3540036","publicUrl":"https://assets.nicepagecdn.com/139194b4/4306981/images/3540036.png","size":4090,"hash":"cSiQFj9j/D/HE3oPtMaHWcQdXN8=","width":128,"height":128,"thumbnail":{"url":"https://assets.nicepagecdn.com/139194b4/4306981/images/3540036.png","width":128,"height":128},"usages":["4306992"]},{"id":"user-image-4785242.png","fileName":"4785242.png","name":"4785242","publicUrl":"https://assets.nicepagecdn.com/139194b4/4306981/images/4785242.png","size":4289,"hash":"PJIfcyHmP1F78BIjPpFHho7O9dc=","width":128,"height":128,"thumbnail":{"url":"https://assets.nicepagecdn.com/139194b4/4306981/images/4785242.png","width":128,"height":128},"usages":["4306992"]},{"id":"user-image-vision.jpg","fileName":"vision.jpg","name":"vision","publicUrl":"https://assets.nicepagecdn.com/139194b4/4306981/images/vision.jpg","size":35142,"hash":"ospsx5aZYUXCs9RR7XaVk2g+KCo=","width":1125,"height":750,"thumbnail":{"url":"https://assets.nicepagecdn.com/139194b4/4306981/images/thumbnails/vision.jpg","width":150,"height":100},"usages":["4306990"]},{"id":"user-image-mision.jpeg","fileName":"mision.jpeg","name":"mision","publicUrl":"https://assets.nicepagecdn.com/139194b4/4306981/images/mision.jpeg","size":111350,"hash":"59Yg5Ld/3st8Ym65rXB4PIXmuhs=","width":1125,"height":750,"thumbnail":{"url":"https://assets.nicepagecdn.com/139194b4/4306981/images/thumbnails/mision.jpeg","width":150,"height":100},"usages":["4306990"]}]